{"cameraMode":{"drawMode":0,"name":"Shaded","section":"Shading Mode"},"sceneLighting":false,"audioPlay":false,"sceneViewState":{"showFog":false,"showMaterialUpdate":false,"showSkybox":false,"showFlares":false,"showImageEffects":false,"showParticleSystems":false},"in2DMode":false,"pivot":{"x":-1.3360657691955567,"y":1.7152992486953736,"z":-9.665831565856934},"rotation":{"x":-0.20112381875514985,"y":-0.05375662446022034,"z":0.01103311125189066,"w":-0.9780491590499878},"size":3.303626298904419,"orthographic":false}