{"cameraMode":{"drawMode":0,"name":"Shaded","section":"Shading Mode"},"sceneLighting":false,"audioPlay":false,"sceneViewState":{"showFog":false,"showMaterialUpdate":false,"showSkybox":false,"showFlares":false,"showImageEffects":false,"showParticleSystems":false},"in2DMode":false,"pivot":{"x":-3.264094829559326,"y":1.3600866794586182,"z":-18.104211807250978},"rotation":{"x":-0.34040534496307375,"y":-0.10910993814468384,"z":0.039801355451345447,"w":-0.9330950975418091},"size":7.347306251525879,"orthographic":false}